process_step,Control,Test
start,,
step_1,76.17707018736046,85.30654115375333
step_2,85.51463404273395,86.62729008983518
step_3,90.86980279171428,90.55648552647695
confirm,87.67834690865358,97.94860234445446
